{"sections":{"custom_landing_section_rEPgFy":{"type":"custom-landing-section","name":"Custom Landing Section","settings":{}},"featured_collection_y3zQya":{"type":"featured-collection","name":"t:sections.featured-collection.presets.name","settings":{"collection":"featured-collection","products_to_show":4,"title":"<strong>Featured collection<\/strong>","heading_size":"h1","description":"<p>Explore the <\/p>","show_description":false,"description_style":"body","columns_desktop":4,"enable_desktop_slider":false,"full_width":false,"show_view_all":true,"view_all_style":"solid","color_scheme":"","image_ratio":"adapt","image_shape":"default","show_secondary_image":false,"show_vendor":false,"show_rating":false,"quick_add":"none","columns_mobile":"2","swipe_on_mobile":false,"padding_top":36,"padding_bottom":36}}},"order":["custom_landing_section_rEPgFy","featured_collection_y3zQya"]}